{"cameraMode":{"drawMode":0,"name":"Shaded","section":"Shading Mode"},"sceneLighting":true,"audioPlay":false,"sceneViewState":{"showFog":true,"showMaterialUpdate":false,"showSkybox":true,"showFlares":true,"showImageEffects":true,"showParticleSystems":true},"in2DMode":false,"pivot":{"x":-0.009368181228637696,"y":1.0123077630996705,"z":0.9355309009552002},"rotation":{"x":-0.07252161204814911,"y":0.7104368209838867,"z":-0.07401648163795471,"w":-0.6960903406143189},"size":2.406749725341797,"orthographic":false}