{"cameraMode":{"drawMode":0,"name":"Shaded","section":"Shading Mode"},"sceneLighting":false,"audioPlay":false,"sceneViewState":{"showFog":true,"showMaterialUpdate":false,"showSkybox":true,"showFlares":true,"showImageEffects":true,"showParticleSystems":true},"in2DMode":false,"pivot":{"x":1.7398871183395386,"y":1.4283262491226197,"z":-4.189980506896973},"rotation":{"x":-0.1199999675154686,"y":0.8455127477645874,"z":-0.21392828226089478,"w":-0.47428151965141299},"size":6.447667598724365,"orthographic":false}