{"cameraMode":{"drawMode":0,"name":"Shaded","section":"Shading Mode"},"sceneLighting":false,"audioPlay":false,"sceneViewState":{"showFog":true,"showMaterialUpdate":false,"showSkybox":true,"showFlares":true,"showImageEffects":true,"showParticleSystems":true},"in2DMode":false,"pivot":{"x":1.7398871183395386,"y":1.4283262491226197,"z":-4.189980506896973},"rotation":{"x":-0.04029446467757225,"y":0.952764093875885,"z":-0.1457655280828476,"w":-0.2633807957172394},"size":1.3514549732208253,"orthographic":false}